afstemningsområde_dagi_id;afstemningsområde;biggest_party;parti;S;R;K;SF;H;LA;M;DF;V;ALT;DD;EL;popup
705368;Aunslevhallen;S;Socialdemokratiet;20.8;2.6;4.9;11.7;4.7;9.2;6.3;13.3;14.3;2.8;7.1;2.5;"<b style='color:#F00B2F; font-size:1.5em;margin-bottom: 10px'>Socialdemokratiet</b><br> blev størst på valgstedet Aunslevhallen<br><span style='display:inline-block; width:0.3em; height:1.2em; vertical-align:middle;background:#F00B2F;'></span><span style='display:inline-block; width:30px; font-size:1em;vertical-align:middle; margin-left: 4px'>S</span><span style='display:inline-block; width:50px; text-align:left; font-size:1em; vertical-align:middle'>20.8%</span><br><span style='display:inline-block; width:0.3em; height:1.2em; vertical-align:middle;background:#0781DD;'></span><span style='display:inline-block; width:30px; font-size:1em;vertical-align:middle; margin-left: 4px'>V</span><span style='display:inline-block; width:50px; text-align:left; font-size:1em; vertical-align:middle'>14.3%</span><br><span style='display:inline-block; width:0.3em; height:1.2em; vertical-align:middle;background:#F6BA00;'></span><span style='display:inline-block; width:30px; font-size:1em;vertical-align:middle; margin-left: 4px'>DF</span><span style='display:inline-block; width:50px; text-align:left; font-size:1em; vertical-align:middle'>13.3%</span><br><span style='display:inline-block; width:0.3em; height:1.2em; vertical-align:middle;background:#F257A9;'></span><span style='display:inline-block; width:30px; font-size:1em;vertical-align:middle; margin-left: 4px'>SF</span><span style='display:inline-block; width:50px; text-align:left; font-size:1em; vertical-align:middle'>11.7%</span><br><span style='display:inline-block; width:0.3em; height:1.2em; vertical-align:middle;background:#48CEF3;'></span><span style='display:inline-block; width:30px; font-size:1em;vertical-align:middle; margin-left: 4px'>LA</span><span style='display:inline-block; width:50px; text-align:left; font-size:1em; vertical-align:middle'>9.2%</span><br><span style='display:inline-block; width:0.3em; height:1.2em; vertical-align:middle;background:#0075c9;'></span><span style='display:inline-block; width:30px; font-size:1em;vertical-align:middle; margin-left: 4px'>DD</span><span style='display:inline-block; width:50px; text-align:left; font-size:1em; vertical-align:middle'>7.1%</span><br><span style='display:inline-block; width:0.3em; height:1.2em; vertical-align:middle;background:#911995;'></span><span style='display:inline-block; width:30px; font-size:1em;vertical-align:middle; margin-left: 4px'>M</span><span style='display:inline-block; width:50px; text-align:left; font-size:1em; vertical-align:middle'>6.3%</span><br><span style='display:inline-block; width:0.3em; height:1.2em; vertical-align:middle;background:#06691E;'></span><span style='display:inline-block; width:30px; font-size:1em;vertical-align:middle; margin-left: 4px'>K</span><span style='display:inline-block; width:50px; text-align:left; font-size:1em; vertical-align:middle'>4.9%</span><br><span style='display:inline-block; width:0.3em; height:1.2em; vertical-align:middle;background:#3CE63D;'></span><span style='display:inline-block; width:30px; font-size:1em;vertical-align:middle; margin-left: 4px'>ALT</span><span style='display:inline-block; width:50px; text-align:left; font-size:1em; vertical-align:middle'>2.8%</span><br><span style='display:inline-block; width:0.3em; height:1.2em; vertical-align:middle;background:#662690;'></span><span style='display:inline-block; width:30px; font-size:1em;vertical-align:middle; margin-left: 4px'>R</span><span style='display:inline-block; width:50px; text-align:left; font-size:1em; vertical-align:middle'>2.6%</span><br><span style='display:inline-block; width:0.3em; height:1.2em; vertical-align:middle;background:#FF7400;'></span><span style='display:inline-block; width:30px; font-size:1em;vertical-align:middle; margin-left: 4px'>EL</span><span style='display:inline-block; width:50px; text-align:left; font-size:1em; vertical-align:middle'>2.5%</span>"
706634;Bastionen;S;Socialdemokratiet;28.1;4.2;6.7;16.7;1.8;7.2;9.0;7.9;9.2;1.7;3.2;4.3;"<b style='color:#F00B2F; font-size:1.5em;margin-bottom: 10px'>Socialdemokratiet</b><br> blev størst på valgstedet Bastionen<br><span style='display:inline-block; width:0.3em; height:1.2em; vertical-align:middle;background:#F00B2F;'></span><span style='display:inline-block; width:30px; font-size:1em;vertical-align:middle; margin-left: 4px'>S</span><span style='display:inline-block; width:50px; text-align:left; font-size:1em; vertical-align:middle'>28.1%</span><br><span style='display:inline-block; width:0.3em; height:1.2em; vertical-align:middle;background:#F257A9;'></span><span style='display:inline-block; width:30px; font-size:1em;vertical-align:middle; margin-left: 4px'>SF</span><span style='display:inline-block; width:50px; text-align:left; font-size:1em; vertical-align:middle'>16.7%</span><br><span style='display:inline-block; width:0.3em; height:1.2em; vertical-align:middle;background:#0781DD;'></span><span style='display:inline-block; width:30px; font-size:1em;vertical-align:middle; margin-left: 4px'>V</span><span style='display:inline-block; width:50px; text-align:left; font-size:1em; vertical-align:middle'>9.2%</span><br><span style='display:inline-block; width:0.3em; height:1.2em; vertical-align:middle;background:#911995;'></span><span style='display:inline-block; width:30px; font-size:1em;vertical-align:middle; margin-left: 4px'>M</span><span style='display:inline-block; width:50px; text-align:left; font-size:1em; vertical-align:middle'>9.0%</span><br><span style='display:inline-block; width:0.3em; height:1.2em; vertical-align:middle;background:#F6BA00;'></span><span style='display:inline-block; width:30px; font-size:1em;vertical-align:middle; margin-left: 4px'>DF</span><span style='display:inline-block; width:50px; text-align:left; font-size:1em; vertical-align:middle'>7.9%</span><br><span style='display:inline-block; width:0.3em; height:1.2em; vertical-align:middle;background:#48CEF3;'></span><span style='display:inline-block; width:30px; font-size:1em;vertical-align:middle; margin-left: 4px'>LA</span><span style='display:inline-block; width:50px; text-align:left; font-size:1em; vertical-align:middle'>7.2%</span><br><span style='display:inline-block; width:0.3em; height:1.2em; vertical-align:middle;background:#06691E;'></span><span style='display:inline-block; width:30px; font-size:1em;vertical-align:middle; margin-left: 4px'>K</span><span style='display:inline-block; width:50px; text-align:left; font-size:1em; vertical-align:middle'>6.7%</span><br><span style='display:inline-block; width:0.3em; height:1.2em; vertical-align:middle;background:#FF7400;'></span><span style='display:inline-block; width:30px; font-size:1em;vertical-align:middle; margin-left: 4px'>EL</span><span style='display:inline-block; width:50px; text-align:left; font-size:1em; vertical-align:middle'>4.3%</span><br><span style='display:inline-block; width:0.3em; height:1.2em; vertical-align:middle;background:#662690;'></span><span style='display:inline-block; width:30px; font-size:1em;vertical-align:middle; margin-left: 4px'>R</span><span style='display:inline-block; width:50px; text-align:left; font-size:1em; vertical-align:middle'>4.2%</span><br><span style='display:inline-block; width:0.3em; height:1.2em; vertical-align:middle;background:#0075c9;'></span><span style='display:inline-block; width:30px; font-size:1em;vertical-align:middle; margin-left: 4px'>DD</span><span style='display:inline-block; width:50px; text-align:left; font-size:1em; vertical-align:middle'>3.2%</span><br><span style='display:inline-block; width:0.3em; height:1.2em; vertical-align:middle;background:#3CE63D;'></span><span style='display:inline-block; width:30px; font-size:1em;vertical-align:middle; margin-left: 4px'>ALT</span><span style='display:inline-block; width:50px; text-align:left; font-size:1em; vertical-align:middle'>1.7%</span>"
702004;Ellested Og Herrested;S;Socialdemokratiet;22.8;1.6;4.1;11.2;5.2;11.0;5.0;10.8;15.4;1.3;8.4;3.2;"<b style='color:#F00B2F; font-size:1.5em;margin-bottom: 10px'>Socialdemokratiet</b><br> blev størst på valgstedet Ellested Og Herrested<br><span style='display:inline-block; width:0.3em; height:1.2em; vertical-align:middle;background:#F00B2F;'></span><span style='display:inline-block; width:30px; font-size:1em;vertical-align:middle; margin-left: 4px'>S</span><span style='display:inline-block; width:50px; text-align:left; font-size:1em; vertical-align:middle'>22.8%</span><br><span style='display:inline-block; width:0.3em; height:1.2em; vertical-align:middle;background:#0781DD;'></span><span style='display:inline-block; width:30px; font-size:1em;vertical-align:middle; margin-left: 4px'>V</span><span style='display:inline-block; width:50px; text-align:left; font-size:1em; vertical-align:middle'>15.4%</span><br><span style='display:inline-block; width:0.3em; height:1.2em; vertical-align:middle;background:#F257A9;'></span><span style='display:inline-block; width:30px; font-size:1em;vertical-align:middle; margin-left: 4px'>SF</span><span style='display:inline-block; width:50px; text-align:left; font-size:1em; vertical-align:middle'>11.2%</span><br><span style='display:inline-block; width:0.3em; height:1.2em; vertical-align:middle;background:#48CEF3;'></span><span style='display:inline-block; width:30px; font-size:1em;vertical-align:middle; margin-left: 4px'>LA</span><span style='display:inline-block; width:50px; text-align:left; font-size:1em; vertical-align:middle'>11.0%</span><br><span style='display:inline-block; width:0.3em; height:1.2em; vertical-align:middle;background:#F6BA00;'></span><span style='display:inline-block; width:30px; font-size:1em;vertical-align:middle; margin-left: 4px'>DF</span><span style='display:inline-block; width:50px; text-align:left; font-size:1em; vertical-align:middle'>10.8%</span><br><span style='display:inline-block; width:0.3em; height:1.2em; vertical-align:middle;background:#0075c9;'></span><span style='display:inline-block; width:30px; font-size:1em;vertical-align:middle; margin-left: 4px'>DD</span><span style='display:inline-block; width:50px; text-align:left; font-size:1em; vertical-align:middle'>8.4%</span><br><span style='display:inline-block; width:0.3em; height:1.2em; vertical-align:middle;background:#911995;'></span><span style='display:inline-block; width:30px; font-size:1em;vertical-align:middle; margin-left: 4px'>M</span><span style='display:inline-block; width:50px; text-align:left; font-size:1em; vertical-align:middle'>5.0%</span><br><span style='display:inline-block; width:0.3em; height:1.2em; vertical-align:middle;background:#06691E;'></span><span style='display:inline-block; width:30px; font-size:1em;vertical-align:middle; margin-left: 4px'>K</span><span style='display:inline-block; width:50px; text-align:left; font-size:1em; vertical-align:middle'>4.1%</span><br><span style='display:inline-block; width:0.3em; height:1.2em; vertical-align:middle;background:#FF7400;'></span><span style='display:inline-block; width:30px; font-size:1em;vertical-align:middle; margin-left: 4px'>EL</span><span style='display:inline-block; width:50px; text-align:left; font-size:1em; vertical-align:middle'>3.2%</span><br><span style='display:inline-block; width:0.3em; height:1.2em; vertical-align:middle;background:#662690;'></span><span style='display:inline-block; width:30px; font-size:1em;vertical-align:middle; margin-left: 4px'>R</span><span style='display:inline-block; width:50px; text-align:left; font-size:1em; vertical-align:middle'>1.6%</span><br><span style='display:inline-block; width:0.3em; height:1.2em; vertical-align:middle;background:#3CE63D;'></span><span style='display:inline-block; width:30px; font-size:1em;vertical-align:middle; margin-left: 4px'>ALT</span><span style='display:inline-block; width:50px; text-align:left; font-size:1em; vertical-align:middle'>1.3%</span>"
701998;Ellinge;S;Socialdemokratiet;20.5;3.2;6.5;6.2;6.5;8.8;8.1;13.6;13.6;1.6;9.7;1.6;"<b style='color:#F00B2F; font-size:1.5em;margin-bottom: 10px'>Socialdemokratiet</b><br> blev størst på valgstedet Ellinge<br><span style='display:inline-block; width:0.3em; height:1.2em; vertical-align:middle;background:#F00B2F;'></span><span style='display:inline-block; width:30px; font-size:1em;vertical-align:middle; margin-left: 4px'>S</span><span style='display:inline-block; width:50px; text-align:left; font-size:1em; vertical-align:middle'>20.5%</span><br><span style='display:inline-block; width:0.3em; height:1.2em; vertical-align:middle;background:#F6BA00;'></span><span style='display:inline-block; width:30px; font-size:1em;vertical-align:middle; margin-left: 4px'>DF</span><span style='display:inline-block; width:50px; text-align:left; font-size:1em; vertical-align:middle'>13.6%</span><br><span style='display:inline-block; width:0.3em; height:1.2em; vertical-align:middle;background:#0781DD;'></span><span style='display:inline-block; width:30px; font-size:1em;vertical-align:middle; margin-left: 4px'>V</span><span style='display:inline-block; width:50px; text-align:left; font-size:1em; vertical-align:middle'>13.6%</span><br><span style='display:inline-block; width:0.3em; height:1.2em; vertical-align:middle;background:#0075c9;'></span><span style='display:inline-block; width:30px; font-size:1em;vertical-align:middle; margin-left: 4px'>DD</span><span style='display:inline-block; width:50px; text-align:left; font-size:1em; vertical-align:middle'>9.7%</span><br><span style='display:inline-block; width:0.3em; height:1.2em; vertical-align:middle;background:#48CEF3;'></span><span style='display:inline-block; width:30px; font-size:1em;vertical-align:middle; margin-left: 4px'>LA</span><span style='display:inline-block; width:50px; text-align:left; font-size:1em; vertical-align:middle'>8.8%</span><br><span style='display:inline-block; width:0.3em; height:1.2em; vertical-align:middle;background:#911995;'></span><span style='display:inline-block; width:30px; font-size:1em;vertical-align:middle; margin-left: 4px'>M</span><span style='display:inline-block; width:50px; text-align:left; font-size:1em; vertical-align:middle'>8.1%</span><br><span style='display:inline-block; width:0.3em; height:1.2em; vertical-align:middle;background:#06691E;'></span><span style='display:inline-block; width:30px; font-size:1em;vertical-align:middle; margin-left: 4px'>K</span><span style='display:inline-block; width:50px; text-align:left; font-size:1em; vertical-align:middle'>6.5%</span><br><span style='display:inline-block; width:0.3em; height:1.2em; vertical-align:middle;background:#F257A9;'></span><span style='display:inline-block; width:30px; font-size:1em;vertical-align:middle; margin-left: 4px'>SF</span><span style='display:inline-block; width:50px; text-align:left; font-size:1em; vertical-align:middle'>6.2%</span><br><span style='display:inline-block; width:0.3em; height:1.2em; vertical-align:middle;background:#662690;'></span><span style='display:inline-block; width:30px; font-size:1em;vertical-align:middle; margin-left: 4px'>R</span><span style='display:inline-block; width:50px; text-align:left; font-size:1em; vertical-align:middle'>3.2%</span><br><span style='display:inline-block; width:0.3em; height:1.2em; vertical-align:middle;background:#FF7400;'></span><span style='display:inline-block; width:30px; font-size:1em;vertical-align:middle; margin-left: 4px'>EL</span><span style='display:inline-block; width:50px; text-align:left; font-size:1em; vertical-align:middle'>1.6%</span><br><span style='display:inline-block; width:0.3em; height:1.2em; vertical-align:middle;background:#3CE63D;'></span><span style='display:inline-block; width:30px; font-size:1em;vertical-align:middle; margin-left: 4px'>ALT</span><span style='display:inline-block; width:50px; text-align:left; font-size:1em; vertical-align:middle'>1.6%</span>"
705380;Frørup Og Tårup;S;Socialdemokratiet;21.6;3.5;2.6;11.1;5.0;8.0;7.2;11.2;16.8;2.0;6.8;4.1;"<b style='color:#F00B2F; font-size:1.5em;margin-bottom: 10px'>Socialdemokratiet</b><br> blev størst på valgstedet Frørup Og Tårup<br><span style='display:inline-block; width:0.3em; height:1.2em; vertical-align:middle;background:#F00B2F;'></span><span style='display:inline-block; width:30px; font-size:1em;vertical-align:middle; margin-left: 4px'>S</span><span style='display:inline-block; width:50px; text-align:left; font-size:1em; vertical-align:middle'>21.6%</span><br><span style='display:inline-block; width:0.3em; height:1.2em; vertical-align:middle;background:#0781DD;'></span><span style='display:inline-block; width:30px; font-size:1em;vertical-align:middle; margin-left: 4px'>V</span><span style='display:inline-block; width:50px; text-align:left; font-size:1em; vertical-align:middle'>16.8%</span><br><span style='display:inline-block; width:0.3em; height:1.2em; vertical-align:middle;background:#F6BA00;'></span><span style='display:inline-block; width:30px; font-size:1em;vertical-align:middle; margin-left: 4px'>DF</span><span style='display:inline-block; width:50px; text-align:left; font-size:1em; vertical-align:middle'>11.2%</span><br><span style='display:inline-block; width:0.3em; height:1.2em; vertical-align:middle;background:#F257A9;'></span><span style='display:inline-block; width:30px; font-size:1em;vertical-align:middle; margin-left: 4px'>SF</span><span style='display:inline-block; width:50px; text-align:left; font-size:1em; vertical-align:middle'>11.1%</span><br><span style='display:inline-block; width:0.3em; height:1.2em; vertical-align:middle;background:#48CEF3;'></span><span style='display:inline-block; width:30px; font-size:1em;vertical-align:middle; margin-left: 4px'>LA</span><span style='display:inline-block; width:50px; text-align:left; font-size:1em; vertical-align:middle'>8.0%</span><br><span style='display:inline-block; width:0.3em; height:1.2em; vertical-align:middle;background:#911995;'></span><span style='display:inline-block; width:30px; font-size:1em;vertical-align:middle; margin-left: 4px'>M</span><span style='display:inline-block; width:50px; text-align:left; font-size:1em; vertical-align:middle'>7.2%</span><br><span style='display:inline-block; width:0.3em; height:1.2em; vertical-align:middle;background:#0075c9;'></span><span style='display:inline-block; width:30px; font-size:1em;vertical-align:middle; margin-left: 4px'>DD</span><span style='display:inline-block; width:50px; text-align:left; font-size:1em; vertical-align:middle'>6.8%</span><br><span style='display:inline-block; width:0.3em; height:1.2em; vertical-align:middle;background:#FF7400;'></span><span style='display:inline-block; width:30px; font-size:1em;vertical-align:middle; margin-left: 4px'>EL</span><span style='display:inline-block; width:50px; text-align:left; font-size:1em; vertical-align:middle'>4.1%</span><br><span style='display:inline-block; width:0.3em; height:1.2em; vertical-align:middle;background:#662690;'></span><span style='display:inline-block; width:30px; font-size:1em;vertical-align:middle; margin-left: 4px'>R</span><span style='display:inline-block; width:50px; text-align:left; font-size:1em; vertical-align:middle'>3.5%</span><br><span style='display:inline-block; width:0.3em; height:1.2em; vertical-align:middle;background:#06691E;'></span><span style='display:inline-block; width:30px; font-size:1em;vertical-align:middle; margin-left: 4px'>K</span><span style='display:inline-block; width:50px; text-align:left; font-size:1em; vertical-align:middle'>2.6%</span><br><span style='display:inline-block; width:0.3em; height:1.2em; vertical-align:middle;background:#3CE63D;'></span><span style='display:inline-block; width:30px; font-size:1em;vertical-align:middle; margin-left: 4px'>ALT</span><span style='display:inline-block; width:50px; text-align:left; font-size:1em; vertical-align:middle'>2.0%</span>"
712260;Hindsholm;S;Socialdemokratiet;26.1;2.5;9.3;12.2;2.2;8.7;6.4;7.8;7.8;2.8;7.4;6.8;"<b style='color:#F00B2F; font-size:1.5em;margin-bottom: 10px'>Socialdemokratiet</b><br> blev størst på valgstedet Hindsholm<br><span style='display:inline-block; width:0.3em; height:1.2em; vertical-align:middle;background:#F00B2F;'></span><span style='display:inline-block; width:30px; font-size:1em;vertical-align:middle; margin-left: 4px'>S</span><span style='display:inline-block; width:50px; text-align:left; font-size:1em; vertical-align:middle'>26.1%</span><br><span style='display:inline-block; width:0.3em; height:1.2em; vertical-align:middle;background:#F257A9;'></span><span style='display:inline-block; width:30px; font-size:1em;vertical-align:middle; margin-left: 4px'>SF</span><span style='display:inline-block; width:50px; text-align:left; font-size:1em; vertical-align:middle'>12.2%</span><br><span style='display:inline-block; width:0.3em; height:1.2em; vertical-align:middle;background:#06691E;'></span><span style='display:inline-block; width:30px; font-size:1em;vertical-align:middle; margin-left: 4px'>K</span><span style='display:inline-block; width:50px; text-align:left; font-size:1em; vertical-align:middle'>9.3%</span><br><span style='display:inline-block; width:0.3em; height:1.2em; vertical-align:middle;background:#48CEF3;'></span><span style='display:inline-block; width:30px; font-size:1em;vertical-align:middle; margin-left: 4px'>LA</span><span style='display:inline-block; width:50px; text-align:left; font-size:1em; vertical-align:middle'>8.7%</span><br><span style='display:inline-block; width:0.3em; height:1.2em; vertical-align:middle;background:#F6BA00;'></span><span style='display:inline-block; width:30px; font-size:1em;vertical-align:middle; margin-left: 4px'>DF</span><span style='display:inline-block; width:50px; text-align:left; font-size:1em; vertical-align:middle'>7.8%</span><br><span style='display:inline-block; width:0.3em; height:1.2em; vertical-align:middle;background:#0781DD;'></span><span style='display:inline-block; width:30px; font-size:1em;vertical-align:middle; margin-left: 4px'>V</span><span style='display:inline-block; width:50px; text-align:left; font-size:1em; vertical-align:middle'>7.8%</span><br><span style='display:inline-block; width:0.3em; height:1.2em; vertical-align:middle;background:#0075c9;'></span><span style='display:inline-block; width:30px; font-size:1em;vertical-align:middle; margin-left: 4px'>DD</span><span style='display:inline-block; width:50px; text-align:left; font-size:1em; vertical-align:middle'>7.4%</span><br><span style='display:inline-block; width:0.3em; height:1.2em; vertical-align:middle;background:#FF7400;'></span><span style='display:inline-block; width:30px; font-size:1em;vertical-align:middle; margin-left: 4px'>EL</span><span style='display:inline-block; width:50px; text-align:left; font-size:1em; vertical-align:middle'>6.8%</span><br><span style='display:inline-block; width:0.3em; height:1.2em; vertical-align:middle;background:#911995;'></span><span style='display:inline-block; width:30px; font-size:1em;vertical-align:middle; margin-left: 4px'>M</span><span style='display:inline-block; width:50px; text-align:left; font-size:1em; vertical-align:middle'>6.4%</span><br><span style='display:inline-block; width:0.3em; height:1.2em; vertical-align:middle;background:#3CE63D;'></span><span style='display:inline-block; width:30px; font-size:1em;vertical-align:middle; margin-left: 4px'>ALT</span><span style='display:inline-block; width:50px; text-align:left; font-size:1em; vertical-align:middle'>2.8%</span><br><span style='display:inline-block; width:0.3em; height:1.2em; vertical-align:middle;background:#662690;'></span><span style='display:inline-block; width:30px; font-size:1em;vertical-align:middle; margin-left: 4px'>R</span><span style='display:inline-block; width:50px; text-align:left; font-size:1em; vertical-align:middle'>2.5%</span>"
706574;Kerteminde;S;Socialdemokratiet;30.3;2.7;13.7;10.2;1.3;8.3;10.0;7.7;7.3;1.2;3.7;3.5;"<b style='color:#F00B2F; font-size:1.5em;margin-bottom: 10px'>Socialdemokratiet</b><br> blev størst på valgstedet Kerteminde<br><span style='display:inline-block; width:0.3em; height:1.2em; vertical-align:middle;background:#F00B2F;'></span><span style='display:inline-block; width:30px; font-size:1em;vertical-align:middle; margin-left: 4px'>S</span><span style='display:inline-block; width:50px; text-align:left; font-size:1em; vertical-align:middle'>30.3%</span><br><span style='display:inline-block; width:0.3em; height:1.2em; vertical-align:middle;background:#06691E;'></span><span style='display:inline-block; width:30px; font-size:1em;vertical-align:middle; margin-left: 4px'>K</span><span style='display:inline-block; width:50px; text-align:left; font-size:1em; vertical-align:middle'>13.7%</span><br><span style='display:inline-block; width:0.3em; height:1.2em; vertical-align:middle;background:#F257A9;'></span><span style='display:inline-block; width:30px; font-size:1em;vertical-align:middle; margin-left: 4px'>SF</span><span style='display:inline-block; width:50px; text-align:left; font-size:1em; vertical-align:middle'>10.2%</span><br><span style='display:inline-block; width:0.3em; height:1.2em; vertical-align:middle;background:#911995;'></span><span style='display:inline-block; width:30px; font-size:1em;vertical-align:middle; margin-left: 4px'>M</span><span style='display:inline-block; width:50px; text-align:left; font-size:1em; vertical-align:middle'>10.0%</span><br><span style='display:inline-block; width:0.3em; height:1.2em; vertical-align:middle;background:#48CEF3;'></span><span style='display:inline-block; width:30px; font-size:1em;vertical-align:middle; margin-left: 4px'>LA</span><span style='display:inline-block; width:50px; text-align:left; font-size:1em; vertical-align:middle'>8.3%</span><br><span style='display:inline-block; width:0.3em; height:1.2em; vertical-align:middle;background:#F6BA00;'></span><span style='display:inline-block; width:30px; font-size:1em;vertical-align:middle; margin-left: 4px'>DF</span><span style='display:inline-block; width:50px; text-align:left; font-size:1em; vertical-align:middle'>7.7%</span><br><span style='display:inline-block; width:0.3em; height:1.2em; vertical-align:middle;background:#0781DD;'></span><span style='display:inline-block; width:30px; font-size:1em;vertical-align:middle; margin-left: 4px'>V</span><span style='display:inline-block; width:50px; text-align:left; font-size:1em; vertical-align:middle'>7.3%</span><br><span style='display:inline-block; width:0.3em; height:1.2em; vertical-align:middle;background:#0075c9;'></span><span style='display:inline-block; width:30px; font-size:1em;vertical-align:middle; margin-left: 4px'>DD</span><span style='display:inline-block; width:50px; text-align:left; font-size:1em; vertical-align:middle'>3.7%</span><br><span style='display:inline-block; width:0.3em; height:1.2em; vertical-align:middle;background:#FF7400;'></span><span style='display:inline-block; width:30px; font-size:1em;vertical-align:middle; margin-left: 4px'>EL</span><span style='display:inline-block; width:50px; text-align:left; font-size:1em; vertical-align:middle'>3.5%</span><br><span style='display:inline-block; width:0.3em; height:1.2em; vertical-align:middle;background:#662690;'></span><span style='display:inline-block; width:30px; font-size:1em;vertical-align:middle; margin-left: 4px'>R</span><span style='display:inline-block; width:50px; text-align:left; font-size:1em; vertical-align:middle'>2.7%</span><br><span style='display:inline-block; width:0.3em; height:1.2em; vertical-align:middle;background:#3CE63D;'></span><span style='display:inline-block; width:30px; font-size:1em;vertical-align:middle; margin-left: 4px'>ALT</span><span style='display:inline-block; width:50px; text-align:left; font-size:1em; vertical-align:middle'>1.2%</span>"
706642;Kullerup Og Refsvindinge;S;Socialdemokratiet;21.1;2.0;5.1;8.9;5.9;7.4;5.4;11.4;17.0;3.0;9.2;3.6;"<b style='color:#F00B2F; font-size:1.5em;margin-bottom: 10px'>Socialdemokratiet</b><br> blev størst på valgstedet Kullerup Og Refsvindinge<br><span style='display:inline-block; width:0.3em; height:1.2em; vertical-align:middle;background:#F00B2F;'></span><span style='display:inline-block; width:30px; font-size:1em;vertical-align:middle; margin-left: 4px'>S</span><span style='display:inline-block; width:50px; text-align:left; font-size:1em; vertical-align:middle'>21.1%</span><br><span style='display:inline-block; width:0.3em; height:1.2em; vertical-align:middle;background:#0781DD;'></span><span style='display:inline-block; width:30px; font-size:1em;vertical-align:middle; margin-left: 4px'>V</span><span style='display:inline-block; width:50px; text-align:left; font-size:1em; vertical-align:middle'>17.0%</span><br><span style='display:inline-block; width:0.3em; height:1.2em; vertical-align:middle;background:#F6BA00;'></span><span style='display:inline-block; width:30px; font-size:1em;vertical-align:middle; margin-left: 4px'>DF</span><span style='display:inline-block; width:50px; text-align:left; font-size:1em; vertical-align:middle'>11.4%</span><br><span style='display:inline-block; width:0.3em; height:1.2em; vertical-align:middle;background:#0075c9;'></span><span style='display:inline-block; width:30px; font-size:1em;vertical-align:middle; margin-left: 4px'>DD</span><span style='display:inline-block; width:50px; text-align:left; font-size:1em; vertical-align:middle'>9.2%</span><br><span style='display:inline-block; width:0.3em; height:1.2em; vertical-align:middle;background:#F257A9;'></span><span style='display:inline-block; width:30px; font-size:1em;vertical-align:middle; margin-left: 4px'>SF</span><span style='display:inline-block; width:50px; text-align:left; font-size:1em; vertical-align:middle'>8.9%</span><br><span style='display:inline-block; width:0.3em; height:1.2em; vertical-align:middle;background:#48CEF3;'></span><span style='display:inline-block; width:30px; font-size:1em;vertical-align:middle; margin-left: 4px'>LA</span><span style='display:inline-block; width:50px; text-align:left; font-size:1em; vertical-align:middle'>7.4%</span><br><span style='display:inline-block; width:0.3em; height:1.2em; vertical-align:middle;background:#911995;'></span><span style='display:inline-block; width:30px; font-size:1em;vertical-align:middle; margin-left: 4px'>M</span><span style='display:inline-block; width:50px; text-align:left; font-size:1em; vertical-align:middle'>5.4%</span><br><span style='display:inline-block; width:0.3em; height:1.2em; vertical-align:middle;background:#06691E;'></span><span style='display:inline-block; width:30px; font-size:1em;vertical-align:middle; margin-left: 4px'>K</span><span style='display:inline-block; width:50px; text-align:left; font-size:1em; vertical-align:middle'>5.1%</span><br><span style='display:inline-block; width:0.3em; height:1.2em; vertical-align:middle;background:#FF7400;'></span><span style='display:inline-block; width:30px; font-size:1em;vertical-align:middle; margin-left: 4px'>EL</span><span style='display:inline-block; width:50px; text-align:left; font-size:1em; vertical-align:middle'>3.6%</span><br><span style='display:inline-block; width:0.3em; height:1.2em; vertical-align:middle;background:#3CE63D;'></span><span style='display:inline-block; width:30px; font-size:1em;vertical-align:middle; margin-left: 4px'>ALT</span><span style='display:inline-block; width:50px; text-align:left; font-size:1em; vertical-align:middle'>3.0%</span><br><span style='display:inline-block; width:0.3em; height:1.2em; vertical-align:middle;background:#662690;'></span><span style='display:inline-block; width:30px; font-size:1em;vertical-align:middle; margin-left: 4px'>R</span><span style='display:inline-block; width:50px; text-align:left; font-size:1em; vertical-align:middle'>2.0%</span>"
705316;Langeskov;S;Socialdemokratiet;27.7;1.9;17.4;9.3;2.4;8.4;6.8;9.7;7.8;0.7;5.4;2.5;"<b style='color:#F00B2F; font-size:1.5em;margin-bottom: 10px'>Socialdemokratiet</b><br> blev størst på valgstedet Langeskov<br><span style='display:inline-block; width:0.3em; height:1.2em; vertical-align:middle;background:#F00B2F;'></span><span style='display:inline-block; width:30px; font-size:1em;vertical-align:middle; margin-left: 4px'>S</span><span style='display:inline-block; width:50px; text-align:left; font-size:1em; vertical-align:middle'>27.7%</span><br><span style='display:inline-block; width:0.3em; height:1.2em; vertical-align:middle;background:#06691E;'></span><span style='display:inline-block; width:30px; font-size:1em;vertical-align:middle; margin-left: 4px'>K</span><span style='display:inline-block; width:50px; text-align:left; font-size:1em; vertical-align:middle'>17.4%</span><br><span style='display:inline-block; width:0.3em; height:1.2em; vertical-align:middle;background:#F6BA00;'></span><span style='display:inline-block; width:30px; font-size:1em;vertical-align:middle; margin-left: 4px'>DF</span><span style='display:inline-block; width:50px; text-align:left; font-size:1em; vertical-align:middle'>9.7%</span><br><span style='display:inline-block; width:0.3em; height:1.2em; vertical-align:middle;background:#F257A9;'></span><span style='display:inline-block; width:30px; font-size:1em;vertical-align:middle; margin-left: 4px'>SF</span><span style='display:inline-block; width:50px; text-align:left; font-size:1em; vertical-align:middle'>9.3%</span><br><span style='display:inline-block; width:0.3em; height:1.2em; vertical-align:middle;background:#48CEF3;'></span><span style='display:inline-block; width:30px; font-size:1em;vertical-align:middle; margin-left: 4px'>LA</span><span style='display:inline-block; width:50px; text-align:left; font-size:1em; vertical-align:middle'>8.4%</span><br><span style='display:inline-block; width:0.3em; height:1.2em; vertical-align:middle;background:#0781DD;'></span><span style='display:inline-block; width:30px; font-size:1em;vertical-align:middle; margin-left: 4px'>V</span><span style='display:inline-block; width:50px; text-align:left; font-size:1em; vertical-align:middle'>7.8%</span><br><span style='display:inline-block; width:0.3em; height:1.2em; vertical-align:middle;background:#911995;'></span><span style='display:inline-block; width:30px; font-size:1em;vertical-align:middle; margin-left: 4px'>M</span><span style='display:inline-block; width:50px; text-align:left; font-size:1em; vertical-align:middle'>6.8%</span><br><span style='display:inline-block; width:0.3em; height:1.2em; vertical-align:middle;background:#0075c9;'></span><span style='display:inline-block; width:30px; font-size:1em;vertical-align:middle; margin-left: 4px'>DD</span><span style='display:inline-block; width:50px; text-align:left; font-size:1em; vertical-align:middle'>5.4%</span><br><span style='display:inline-block; width:0.3em; height:1.2em; vertical-align:middle;background:#FF7400;'></span><span style='display:inline-block; width:30px; font-size:1em;vertical-align:middle; margin-left: 4px'>EL</span><span style='display:inline-block; width:50px; text-align:left; font-size:1em; vertical-align:middle'>2.5%</span><br><span style='display:inline-block; width:0.3em; height:1.2em; vertical-align:middle;background:#662690;'></span><span style='display:inline-block; width:30px; font-size:1em;vertical-align:middle; margin-left: 4px'>R</span><span style='display:inline-block; width:50px; text-align:left; font-size:1em; vertical-align:middle'>1.9%</span><br><span style='display:inline-block; width:0.3em; height:1.2em; vertical-align:middle;background:#3CE63D;'></span><span style='display:inline-block; width:30px; font-size:1em;vertical-align:middle; margin-left: 4px'>ALT</span><span style='display:inline-block; width:50px; text-align:left; font-size:1em; vertical-align:middle'>0.7%</span>"
708340;Langtved;S;Socialdemokratiet;21.9;2.8;5.3;9.7;4.6;9.2;7.4;9.0;12.0;2.3;11.3;4.4;"<b style='color:#F00B2F; font-size:1.5em;margin-bottom: 10px'>Socialdemokratiet</b><br> blev størst på valgstedet Langtved<br><span style='display:inline-block; width:0.3em; height:1.2em; vertical-align:middle;background:#F00B2F;'></span><span style='display:inline-block; width:30px; font-size:1em;vertical-align:middle; margin-left: 4px'>S</span><span style='display:inline-block; width:50px; text-align:left; font-size:1em; vertical-align:middle'>21.9%</span><br><span style='display:inline-block; width:0.3em; height:1.2em; vertical-align:middle;background:#0781DD;'></span><span style='display:inline-block; width:30px; font-size:1em;vertical-align:middle; margin-left: 4px'>V</span><span style='display:inline-block; width:50px; text-align:left; font-size:1em; vertical-align:middle'>12.0%</span><br><span style='display:inline-block; width:0.3em; height:1.2em; vertical-align:middle;background:#0075c9;'></span><span style='display:inline-block; width:30px; font-size:1em;vertical-align:middle; margin-left: 4px'>DD</span><span style='display:inline-block; width:50px; text-align:left; font-size:1em; vertical-align:middle'>11.3%</span><br><span style='display:inline-block; width:0.3em; height:1.2em; vertical-align:middle;background:#F257A9;'></span><span style='display:inline-block; width:30px; font-size:1em;vertical-align:middle; margin-left: 4px'>SF</span><span style='display:inline-block; width:50px; text-align:left; font-size:1em; vertical-align:middle'>9.7%</span><br><span style='display:inline-block; width:0.3em; height:1.2em; vertical-align:middle;background:#48CEF3;'></span><span style='display:inline-block; width:30px; font-size:1em;vertical-align:middle; margin-left: 4px'>LA</span><span style='display:inline-block; width:50px; text-align:left; font-size:1em; vertical-align:middle'>9.2%</span><br><span style='display:inline-block; width:0.3em; height:1.2em; vertical-align:middle;background:#F6BA00;'></span><span style='display:inline-block; width:30px; font-size:1em;vertical-align:middle; margin-left: 4px'>DF</span><span style='display:inline-block; width:50px; text-align:left; font-size:1em; vertical-align:middle'>9.0%</span><br><span style='display:inline-block; width:0.3em; height:1.2em; vertical-align:middle;background:#911995;'></span><span style='display:inline-block; width:30px; font-size:1em;vertical-align:middle; margin-left: 4px'>M</span><span style='display:inline-block; width:50px; text-align:left; font-size:1em; vertical-align:middle'>7.4%</span><br><span style='display:inline-block; width:0.3em; height:1.2em; vertical-align:middle;background:#06691E;'></span><span style='display:inline-block; width:30px; font-size:1em;vertical-align:middle; margin-left: 4px'>K</span><span style='display:inline-block; width:50px; text-align:left; font-size:1em; vertical-align:middle'>5.3%</span><br><span style='display:inline-block; width:0.3em; height:1.2em; vertical-align:middle;background:#FF7400;'></span><span style='display:inline-block; width:30px; font-size:1em;vertical-align:middle; margin-left: 4px'>EL</span><span style='display:inline-block; width:50px; text-align:left; font-size:1em; vertical-align:middle'>4.4%</span><br><span style='display:inline-block; width:0.3em; height:1.2em; vertical-align:middle;background:#662690;'></span><span style='display:inline-block; width:30px; font-size:1em;vertical-align:middle; margin-left: 4px'>R</span><span style='display:inline-block; width:50px; text-align:left; font-size:1em; vertical-align:middle'>2.8%</span><br><span style='display:inline-block; width:0.3em; height:1.2em; vertical-align:middle;background:#3CE63D;'></span><span style='display:inline-block; width:30px; font-size:1em;vertical-align:middle; margin-left: 4px'>ALT</span><span style='display:inline-block; width:50px; text-align:left; font-size:1em; vertical-align:middle'>2.3%</span>"
709812;Langå, Svindinge Og Øksendrup;V;Venstre;15.2;2.2;4.6;11.0;6.3;7.0;5.1;11.6;18.4;2.1;9.5;7.0;"<b style='color:#0781DD; font-size:1.5em;margin-bottom: 10px'>Venstre</b><br> blev størst på valgstedet Langå, Svindinge Og Øksendrup<br><span style='display:inline-block; width:0.3em; height:1.2em; vertical-align:middle;background:#0781DD;'></span><span style='display:inline-block; width:30px; font-size:1em;vertical-align:middle; margin-left: 4px'>V</span><span style='display:inline-block; width:50px; text-align:left; font-size:1em; vertical-align:middle'>18.4%</span><br><span style='display:inline-block; width:0.3em; height:1.2em; vertical-align:middle;background:#F00B2F;'></span><span style='display:inline-block; width:30px; font-size:1em;vertical-align:middle; margin-left: 4px'>S</span><span style='display:inline-block; width:50px; text-align:left; font-size:1em; vertical-align:middle'>15.2%</span><br><span style='display:inline-block; width:0.3em; height:1.2em; vertical-align:middle;background:#F6BA00;'></span><span style='display:inline-block; width:30px; font-size:1em;vertical-align:middle; margin-left: 4px'>DF</span><span style='display:inline-block; width:50px; text-align:left; font-size:1em; vertical-align:middle'>11.6%</span><br><span style='display:inline-block; width:0.3em; height:1.2em; vertical-align:middle;background:#F257A9;'></span><span style='display:inline-block; width:30px; font-size:1em;vertical-align:middle; margin-left: 4px'>SF</span><span style='display:inline-block; width:50px; text-align:left; font-size:1em; vertical-align:middle'>11.0%</span><br><span style='display:inline-block; width:0.3em; height:1.2em; vertical-align:middle;background:#0075c9;'></span><span style='display:inline-block; width:30px; font-size:1em;vertical-align:middle; margin-left: 4px'>DD</span><span style='display:inline-block; width:50px; text-align:left; font-size:1em; vertical-align:middle'>9.5%</span><br><span style='display:inline-block; width:0.3em; height:1.2em; vertical-align:middle;background:#48CEF3;'></span><span style='display:inline-block; width:30px; font-size:1em;vertical-align:middle; margin-left: 4px'>LA</span><span style='display:inline-block; width:50px; text-align:left; font-size:1em; vertical-align:middle'>7.0%</span><br><span style='display:inline-block; width:0.3em; height:1.2em; vertical-align:middle;background:#FF7400;'></span><span style='display:inline-block; width:30px; font-size:1em;vertical-align:middle; margin-left: 4px'>EL</span><span style='display:inline-block; width:50px; text-align:left; font-size:1em; vertical-align:middle'>7.0%</span><br><span style='display:inline-block; width:0.3em; height:1.2em; vertical-align:middle;background:#911995;'></span><span style='display:inline-block; width:30px; font-size:1em;vertical-align:middle; margin-left: 4px'>M</span><span style='display:inline-block; width:50px; text-align:left; font-size:1em; vertical-align:middle'>5.1%</span><br><span style='display:inline-block; width:0.3em; height:1.2em; vertical-align:middle;background:#06691E;'></span><span style='display:inline-block; width:30px; font-size:1em;vertical-align:middle; margin-left: 4px'>K</span><span style='display:inline-block; width:50px; text-align:left; font-size:1em; vertical-align:middle'>4.6%</span><br><span style='display:inline-block; width:0.3em; height:1.2em; vertical-align:middle;background:#662690;'></span><span style='display:inline-block; width:30px; font-size:1em;vertical-align:middle; margin-left: 4px'>R</span><span style='display:inline-block; width:50px; text-align:left; font-size:1em; vertical-align:middle'>2.2%</span><br><span style='display:inline-block; width:0.3em; height:1.2em; vertical-align:middle;background:#3CE63D;'></span><span style='display:inline-block; width:30px; font-size:1em;vertical-align:middle; margin-left: 4px'>ALT</span><span style='display:inline-block; width:50px; text-align:left; font-size:1em; vertical-align:middle'>2.1%</span>"
705322;Marslev;S;Socialdemokratiet;23.0;1.8;12.2;8.4;3.9;9.9;6.5;12.0;7.3;1.0;8.3;5.7;"<b style='color:#F00B2F; font-size:1.5em;margin-bottom: 10px'>Socialdemokratiet</b><br> blev størst på valgstedet Marslev<br><span style='display:inline-block; width:0.3em; height:1.2em; vertical-align:middle;background:#F00B2F;'></span><span style='display:inline-block; width:30px; font-size:1em;vertical-align:middle; margin-left: 4px'>S</span><span style='display:inline-block; width:50px; text-align:left; font-size:1em; vertical-align:middle'>23.0%</span><br><span style='display:inline-block; width:0.3em; height:1.2em; vertical-align:middle;background:#06691E;'></span><span style='display:inline-block; width:30px; font-size:1em;vertical-align:middle; margin-left: 4px'>K</span><span style='display:inline-block; width:50px; text-align:left; font-size:1em; vertical-align:middle'>12.2%</span><br><span style='display:inline-block; width:0.3em; height:1.2em; vertical-align:middle;background:#F6BA00;'></span><span style='display:inline-block; width:30px; font-size:1em;vertical-align:middle; margin-left: 4px'>DF</span><span style='display:inline-block; width:50px; text-align:left; font-size:1em; vertical-align:middle'>12.0%</span><br><span style='display:inline-block; width:0.3em; height:1.2em; vertical-align:middle;background:#48CEF3;'></span><span style='display:inline-block; width:30px; font-size:1em;vertical-align:middle; margin-left: 4px'>LA</span><span style='display:inline-block; width:50px; text-align:left; font-size:1em; vertical-align:middle'>9.9%</span><br><span style='display:inline-block; width:0.3em; height:1.2em; vertical-align:middle;background:#F257A9;'></span><span style='display:inline-block; width:30px; font-size:1em;vertical-align:middle; margin-left: 4px'>SF</span><span style='display:inline-block; width:50px; text-align:left; font-size:1em; vertical-align:middle'>8.4%</span><br><span style='display:inline-block; width:0.3em; height:1.2em; vertical-align:middle;background:#0075c9;'></span><span style='display:inline-block; width:30px; font-size:1em;vertical-align:middle; margin-left: 4px'>DD</span><span style='display:inline-block; width:50px; text-align:left; font-size:1em; vertical-align:middle'>8.3%</span><br><span style='display:inline-block; width:0.3em; height:1.2em; vertical-align:middle;background:#0781DD;'></span><span style='display:inline-block; width:30px; font-size:1em;vertical-align:middle; margin-left: 4px'>V</span><span style='display:inline-block; width:50px; text-align:left; font-size:1em; vertical-align:middle'>7.3%</span><br><span style='display:inline-block; width:0.3em; height:1.2em; vertical-align:middle;background:#911995;'></span><span style='display:inline-block; width:30px; font-size:1em;vertical-align:middle; margin-left: 4px'>M</span><span style='display:inline-block; width:50px; text-align:left; font-size:1em; vertical-align:middle'>6.5%</span><br><span style='display:inline-block; width:0.3em; height:1.2em; vertical-align:middle;background:#FF7400;'></span><span style='display:inline-block; width:30px; font-size:1em;vertical-align:middle; margin-left: 4px'>EL</span><span style='display:inline-block; width:50px; text-align:left; font-size:1em; vertical-align:middle'>5.7%</span><br><span style='display:inline-block; width:0.3em; height:1.2em; vertical-align:middle;background:#662690;'></span><span style='display:inline-block; width:30px; font-size:1em;vertical-align:middle; margin-left: 4px'>R</span><span style='display:inline-block; width:50px; text-align:left; font-size:1em; vertical-align:middle'>1.8%</span><br><span style='display:inline-block; width:0.3em; height:1.2em; vertical-align:middle;background:#3CE63D;'></span><span style='display:inline-block; width:30px; font-size:1em;vertical-align:middle; margin-left: 4px'>ALT</span><span style='display:inline-block; width:50px; text-align:left; font-size:1em; vertical-align:middle'>1.0%</span>"
707976;Munkebo;S;Socialdemokratiet;29.7;2.4;11.6;11.4;2.6;7.9;5.5;12.6;4.6;1.7;5.2;4.7;"<b style='color:#F00B2F; font-size:1.5em;margin-bottom: 10px'>Socialdemokratiet</b><br> blev størst på valgstedet Munkebo<br><span style='display:inline-block; width:0.3em; height:1.2em; vertical-align:middle;background:#F00B2F;'></span><span style='display:inline-block; width:30px; font-size:1em;vertical-align:middle; margin-left: 4px'>S</span><span style='display:inline-block; width:50px; text-align:left; font-size:1em; vertical-align:middle'>29.7%</span><br><span style='display:inline-block; width:0.3em; height:1.2em; vertical-align:middle;background:#F6BA00;'></span><span style='display:inline-block; width:30px; font-size:1em;vertical-align:middle; margin-left: 4px'>DF</span><span style='display:inline-block; width:50px; text-align:left; font-size:1em; vertical-align:middle'>12.6%</span><br><span style='display:inline-block; width:0.3em; height:1.2em; vertical-align:middle;background:#06691E;'></span><span style='display:inline-block; width:30px; font-size:1em;vertical-align:middle; margin-left: 4px'>K</span><span style='display:inline-block; width:50px; text-align:left; font-size:1em; vertical-align:middle'>11.6%</span><br><span style='display:inline-block; width:0.3em; height:1.2em; vertical-align:middle;background:#F257A9;'></span><span style='display:inline-block; width:30px; font-size:1em;vertical-align:middle; margin-left: 4px'>SF</span><span style='display:inline-block; width:50px; text-align:left; font-size:1em; vertical-align:middle'>11.4%</span><br><span style='display:inline-block; width:0.3em; height:1.2em; vertical-align:middle;background:#48CEF3;'></span><span style='display:inline-block; width:30px; font-size:1em;vertical-align:middle; margin-left: 4px'>LA</span><span style='display:inline-block; width:50px; text-align:left; font-size:1em; vertical-align:middle'>7.9%</span><br><span style='display:inline-block; width:0.3em; height:1.2em; vertical-align:middle;background:#911995;'></span><span style='display:inline-block; width:30px; font-size:1em;vertical-align:middle; margin-left: 4px'>M</span><span style='display:inline-block; width:50px; text-align:left; font-size:1em; vertical-align:middle'>5.5%</span><br><span style='display:inline-block; width:0.3em; height:1.2em; vertical-align:middle;background:#0075c9;'></span><span style='display:inline-block; width:30px; font-size:1em;vertical-align:middle; margin-left: 4px'>DD</span><span style='display:inline-block; width:50px; text-align:left; font-size:1em; vertical-align:middle'>5.2%</span><br><span style='display:inline-block; width:0.3em; height:1.2em; vertical-align:middle;background:#FF7400;'></span><span style='display:inline-block; width:30px; font-size:1em;vertical-align:middle; margin-left: 4px'>EL</span><span style='display:inline-block; width:50px; text-align:left; font-size:1em; vertical-align:middle'>4.7%</span><br><span style='display:inline-block; width:0.3em; height:1.2em; vertical-align:middle;background:#0781DD;'></span><span style='display:inline-block; width:30px; font-size:1em;vertical-align:middle; margin-left: 4px'>V</span><span style='display:inline-block; width:50px; text-align:left; font-size:1em; vertical-align:middle'>4.6%</span><br><span style='display:inline-block; width:0.3em; height:1.2em; vertical-align:middle;background:#662690;'></span><span style='display:inline-block; width:30px; font-size:1em;vertical-align:middle; margin-left: 4px'>R</span><span style='display:inline-block; width:50px; text-align:left; font-size:1em; vertical-align:middle'>2.4%</span><br><span style='display:inline-block; width:0.3em; height:1.2em; vertical-align:middle;background:#3CE63D;'></span><span style='display:inline-block; width:30px; font-size:1em;vertical-align:middle; margin-left: 4px'>ALT</span><span style='display:inline-block; width:50px; text-align:left; font-size:1em; vertical-align:middle'>1.7%</span>"
703754;Nyborghallen;S;Socialdemokratiet;29.3;4.0;6.1;16.1;2.3;7.0;6.8;9.5;8.7;1.9;3.3;5.2;"<b style='color:#F00B2F; font-size:1.5em;margin-bottom: 10px'>Socialdemokratiet</b><br> blev størst på valgstedet Nyborghallen<br><span style='display:inline-block; width:0.3em; height:1.2em; vertical-align:middle;background:#F00B2F;'></span><span style='display:inline-block; width:30px; font-size:1em;vertical-align:middle; margin-left: 4px'>S</span><span style='display:inline-block; width:50px; text-align:left; font-size:1em; vertical-align:middle'>29.3%</span><br><span style='display:inline-block; width:0.3em; height:1.2em; vertical-align:middle;background:#F257A9;'></span><span style='display:inline-block; width:30px; font-size:1em;vertical-align:middle; margin-left: 4px'>SF</span><span style='display:inline-block; width:50px; text-align:left; font-size:1em; vertical-align:middle'>16.1%</span><br><span style='display:inline-block; width:0.3em; height:1.2em; vertical-align:middle;background:#F6BA00;'></span><span style='display:inline-block; width:30px; font-size:1em;vertical-align:middle; margin-left: 4px'>DF</span><span style='display:inline-block; width:50px; text-align:left; font-size:1em; vertical-align:middle'>9.5%</span><br><span style='display:inline-block; width:0.3em; height:1.2em; vertical-align:middle;background:#0781DD;'></span><span style='display:inline-block; width:30px; font-size:1em;vertical-align:middle; margin-left: 4px'>V</span><span style='display:inline-block; width:50px; text-align:left; font-size:1em; vertical-align:middle'>8.7%</span><br><span style='display:inline-block; width:0.3em; height:1.2em; vertical-align:middle;background:#48CEF3;'></span><span style='display:inline-block; width:30px; font-size:1em;vertical-align:middle; margin-left: 4px'>LA</span><span style='display:inline-block; width:50px; text-align:left; font-size:1em; vertical-align:middle'>7.0%</span><br><span style='display:inline-block; width:0.3em; height:1.2em; vertical-align:middle;background:#911995;'></span><span style='display:inline-block; width:30px; font-size:1em;vertical-align:middle; margin-left: 4px'>M</span><span style='display:inline-block; width:50px; text-align:left; font-size:1em; vertical-align:middle'>6.8%</span><br><span style='display:inline-block; width:0.3em; height:1.2em; vertical-align:middle;background:#06691E;'></span><span style='display:inline-block; width:30px; font-size:1em;vertical-align:middle; margin-left: 4px'>K</span><span style='display:inline-block; width:50px; text-align:left; font-size:1em; vertical-align:middle'>6.1%</span><br><span style='display:inline-block; width:0.3em; height:1.2em; vertical-align:middle;background:#FF7400;'></span><span style='display:inline-block; width:30px; font-size:1em;vertical-align:middle; margin-left: 4px'>EL</span><span style='display:inline-block; width:50px; text-align:left; font-size:1em; vertical-align:middle'>5.2%</span><br><span style='display:inline-block; width:0.3em; height:1.2em; vertical-align:middle;background:#662690;'></span><span style='display:inline-block; width:30px; font-size:1em;vertical-align:middle; margin-left: 4px'>R</span><span style='display:inline-block; width:50px; text-align:left; font-size:1em; vertical-align:middle'>4.0%</span><br><span style='display:inline-block; width:0.3em; height:1.2em; vertical-align:middle;background:#0075c9;'></span><span style='display:inline-block; width:30px; font-size:1em;vertical-align:middle; margin-left: 4px'>DD</span><span style='display:inline-block; width:50px; text-align:left; font-size:1em; vertical-align:middle'>3.3%</span><br><span style='display:inline-block; width:0.3em; height:1.2em; vertical-align:middle;background:#3CE63D;'></span><span style='display:inline-block; width:30px; font-size:1em;vertical-align:middle; margin-left: 4px'>ALT</span><span style='display:inline-block; width:50px; text-align:left; font-size:1em; vertical-align:middle'>1.9%</span>"
748590;Nymarken;S;Socialdemokratiet;24.2;2.4;9.3;10.4;2.6;12.4;6.7;9.5;8.6;1.9;6.6;5.4;"<b style='color:#F00B2F; font-size:1.5em;margin-bottom: 10px'>Socialdemokratiet</b><br> blev størst på valgstedet Nymarken<br><span style='display:inline-block; width:0.3em; height:1.2em; vertical-align:middle;background:#F00B2F;'></span><span style='display:inline-block; width:30px; font-size:1em;vertical-align:middle; margin-left: 4px'>S</span><span style='display:inline-block; width:50px; text-align:left; font-size:1em; vertical-align:middle'>24.2%</span><br><span style='display:inline-block; width:0.3em; height:1.2em; vertical-align:middle;background:#48CEF3;'></span><span style='display:inline-block; width:30px; font-size:1em;vertical-align:middle; margin-left: 4px'>LA</span><span style='display:inline-block; width:50px; text-align:left; font-size:1em; vertical-align:middle'>12.4%</span><br><span style='display:inline-block; width:0.3em; height:1.2em; vertical-align:middle;background:#F257A9;'></span><span style='display:inline-block; width:30px; font-size:1em;vertical-align:middle; margin-left: 4px'>SF</span><span style='display:inline-block; width:50px; text-align:left; font-size:1em; vertical-align:middle'>10.4%</span><br><span style='display:inline-block; width:0.3em; height:1.2em; vertical-align:middle;background:#F6BA00;'></span><span style='display:inline-block; width:30px; font-size:1em;vertical-align:middle; margin-left: 4px'>DF</span><span style='display:inline-block; width:50px; text-align:left; font-size:1em; vertical-align:middle'>9.5%</span><br><span style='display:inline-block; width:0.3em; height:1.2em; vertical-align:middle;background:#06691E;'></span><span style='display:inline-block; width:30px; font-size:1em;vertical-align:middle; margin-left: 4px'>K</span><span style='display:inline-block; width:50px; text-align:left; font-size:1em; vertical-align:middle'>9.3%</span><br><span style='display:inline-block; width:0.3em; height:1.2em; vertical-align:middle;background:#0781DD;'></span><span style='display:inline-block; width:30px; font-size:1em;vertical-align:middle; margin-left: 4px'>V</span><span style='display:inline-block; width:50px; text-align:left; font-size:1em; vertical-align:middle'>8.6%</span><br><span style='display:inline-block; width:0.3em; height:1.2em; vertical-align:middle;background:#911995;'></span><span style='display:inline-block; width:30px; font-size:1em;vertical-align:middle; margin-left: 4px'>M</span><span style='display:inline-block; width:50px; text-align:left; font-size:1em; vertical-align:middle'>6.7%</span><br><span style='display:inline-block; width:0.3em; height:1.2em; vertical-align:middle;background:#0075c9;'></span><span style='display:inline-block; width:30px; font-size:1em;vertical-align:middle; margin-left: 4px'>DD</span><span style='display:inline-block; width:50px; text-align:left; font-size:1em; vertical-align:middle'>6.6%</span><br><span style='display:inline-block; width:0.3em; height:1.2em; vertical-align:middle;background:#FF7400;'></span><span style='display:inline-block; width:30px; font-size:1em;vertical-align:middle; margin-left: 4px'>EL</span><span style='display:inline-block; width:50px; text-align:left; font-size:1em; vertical-align:middle'>5.4%</span><br><span style='display:inline-block; width:0.3em; height:1.2em; vertical-align:middle;background:#662690;'></span><span style='display:inline-block; width:30px; font-size:1em;vertical-align:middle; margin-left: 4px'>R</span><span style='display:inline-block; width:50px; text-align:left; font-size:1em; vertical-align:middle'>2.4%</span><br><span style='display:inline-block; width:0.3em; height:1.2em; vertical-align:middle;background:#3CE63D;'></span><span style='display:inline-block; width:30px; font-size:1em;vertical-align:middle; margin-left: 4px'>ALT</span><span style='display:inline-block; width:50px; text-align:left; font-size:1em; vertical-align:middle'>1.9%</span>"
703760;Skellerup;S;Socialdemokratiet;23.4;2.2;4.5;8.1;7.5;10.6;4.5;11.7;12.3;0.6;12.8;1.9;"<b style='color:#F00B2F; font-size:1.5em;margin-bottom: 10px'>Socialdemokratiet</b><br> blev størst på valgstedet Skellerup<br><span style='display:inline-block; width:0.3em; height:1.2em; vertical-align:middle;background:#F00B2F;'></span><span style='display:inline-block; width:30px; font-size:1em;vertical-align:middle; margin-left: 4px'>S</span><span style='display:inline-block; width:50px; text-align:left; font-size:1em; vertical-align:middle'>23.4%</span><br><span style='display:inline-block; width:0.3em; height:1.2em; vertical-align:middle;background:#0075c9;'></span><span style='display:inline-block; width:30px; font-size:1em;vertical-align:middle; margin-left: 4px'>DD</span><span style='display:inline-block; width:50px; text-align:left; font-size:1em; vertical-align:middle'>12.8%</span><br><span style='display:inline-block; width:0.3em; height:1.2em; vertical-align:middle;background:#0781DD;'></span><span style='display:inline-block; width:30px; font-size:1em;vertical-align:middle; margin-left: 4px'>V</span><span style='display:inline-block; width:50px; text-align:left; font-size:1em; vertical-align:middle'>12.3%</span><br><span style='display:inline-block; width:0.3em; height:1.2em; vertical-align:middle;background:#F6BA00;'></span><span style='display:inline-block; width:30px; font-size:1em;vertical-align:middle; margin-left: 4px'>DF</span><span style='display:inline-block; width:50px; text-align:left; font-size:1em; vertical-align:middle'>11.7%</span><br><span style='display:inline-block; width:0.3em; height:1.2em; vertical-align:middle;background:#48CEF3;'></span><span style='display:inline-block; width:30px; font-size:1em;vertical-align:middle; margin-left: 4px'>LA</span><span style='display:inline-block; width:50px; text-align:left; font-size:1em; vertical-align:middle'>10.6%</span><br><span style='display:inline-block; width:0.3em; height:1.2em; vertical-align:middle;background:#F257A9;'></span><span style='display:inline-block; width:30px; font-size:1em;vertical-align:middle; margin-left: 4px'>SF</span><span style='display:inline-block; width:50px; text-align:left; font-size:1em; vertical-align:middle'>8.1%</span><br><span style='display:inline-block; width:0.3em; height:1.2em; vertical-align:middle;background:#06691E;'></span><span style='display:inline-block; width:30px; font-size:1em;vertical-align:middle; margin-left: 4px'>K</span><span style='display:inline-block; width:50px; text-align:left; font-size:1em; vertical-align:middle'>4.5%</span><br><span style='display:inline-block; width:0.3em; height:1.2em; vertical-align:middle;background:#911995;'></span><span style='display:inline-block; width:30px; font-size:1em;vertical-align:middle; margin-left: 4px'>M</span><span style='display:inline-block; width:50px; text-align:left; font-size:1em; vertical-align:middle'>4.5%</span><br><span style='display:inline-block; width:0.3em; height:1.2em; vertical-align:middle;background:#662690;'></span><span style='display:inline-block; width:30px; font-size:1em;vertical-align:middle; margin-left: 4px'>R</span><span style='display:inline-block; width:50px; text-align:left; font-size:1em; vertical-align:middle'>2.2%</span><br><span style='display:inline-block; width:0.3em; height:1.2em; vertical-align:middle;background:#FF7400;'></span><span style='display:inline-block; width:30px; font-size:1em;vertical-align:middle; margin-left: 4px'>EL</span><span style='display:inline-block; width:50px; text-align:left; font-size:1em; vertical-align:middle'>1.9%</span><br><span style='display:inline-block; width:0.3em; height:1.2em; vertical-align:middle;background:#3CE63D;'></span><span style='display:inline-block; width:30px; font-size:1em;vertical-align:middle; margin-left: 4px'>ALT</span><span style='display:inline-block; width:50px; text-align:left; font-size:1em; vertical-align:middle'>0.6%</span>"
708334;Ullerslev;S;Socialdemokratiet;30.4;1.4;5.3;10.4;4.3;8.7;5.9;11.4;10.1;1.7;7.8;2.4;"<b style='color:#F00B2F; font-size:1.5em;margin-bottom: 10px'>Socialdemokratiet</b><br> blev størst på valgstedet Ullerslev<br><span style='display:inline-block; width:0.3em; height:1.2em; vertical-align:middle;background:#F00B2F;'></span><span style='display:inline-block; width:30px; font-size:1em;vertical-align:middle; margin-left: 4px'>S</span><span style='display:inline-block; width:50px; text-align:left; font-size:1em; vertical-align:middle'>30.4%</span><br><span style='display:inline-block; width:0.3em; height:1.2em; vertical-align:middle;background:#F6BA00;'></span><span style='display:inline-block; width:30px; font-size:1em;vertical-align:middle; margin-left: 4px'>DF</span><span style='display:inline-block; width:50px; text-align:left; font-size:1em; vertical-align:middle'>11.4%</span><br><span style='display:inline-block; width:0.3em; height:1.2em; vertical-align:middle;background:#F257A9;'></span><span style='display:inline-block; width:30px; font-size:1em;vertical-align:middle; margin-left: 4px'>SF</span><span style='display:inline-block; width:50px; text-align:left; font-size:1em; vertical-align:middle'>10.4%</span><br><span style='display:inline-block; width:0.3em; height:1.2em; vertical-align:middle;background:#0781DD;'></span><span style='display:inline-block; width:30px; font-size:1em;vertical-align:middle; margin-left: 4px'>V</span><span style='display:inline-block; width:50px; text-align:left; font-size:1em; vertical-align:middle'>10.1%</span><br><span style='display:inline-block; width:0.3em; height:1.2em; vertical-align:middle;background:#48CEF3;'></span><span style='display:inline-block; width:30px; font-size:1em;vertical-align:middle; margin-left: 4px'>LA</span><span style='display:inline-block; width:50px; text-align:left; font-size:1em; vertical-align:middle'>8.7%</span><br><span style='display:inline-block; width:0.3em; height:1.2em; vertical-align:middle;background:#0075c9;'></span><span style='display:inline-block; width:30px; font-size:1em;vertical-align:middle; margin-left: 4px'>DD</span><span style='display:inline-block; width:50px; text-align:left; font-size:1em; vertical-align:middle'>7.8%</span><br><span style='display:inline-block; width:0.3em; height:1.2em; vertical-align:middle;background:#911995;'></span><span style='display:inline-block; width:30px; font-size:1em;vertical-align:middle; margin-left: 4px'>M</span><span style='display:inline-block; width:50px; text-align:left; font-size:1em; vertical-align:middle'>5.9%</span><br><span style='display:inline-block; width:0.3em; height:1.2em; vertical-align:middle;background:#06691E;'></span><span style='display:inline-block; width:30px; font-size:1em;vertical-align:middle; margin-left: 4px'>K</span><span style='display:inline-block; width:50px; text-align:left; font-size:1em; vertical-align:middle'>5.3%</span><br><span style='display:inline-block; width:0.3em; height:1.2em; vertical-align:middle;background:#FF7400;'></span><span style='display:inline-block; width:30px; font-size:1em;vertical-align:middle; margin-left: 4px'>EL</span><span style='display:inline-block; width:50px; text-align:left; font-size:1em; vertical-align:middle'>2.4%</span><br><span style='display:inline-block; width:0.3em; height:1.2em; vertical-align:middle;background:#3CE63D;'></span><span style='display:inline-block; width:30px; font-size:1em;vertical-align:middle; margin-left: 4px'>ALT</span><span style='display:inline-block; width:50px; text-align:left; font-size:1em; vertical-align:middle'>1.7%</span><br><span style='display:inline-block; width:0.3em; height:1.2em; vertical-align:middle;background:#662690;'></span><span style='display:inline-block; width:30px; font-size:1em;vertical-align:middle; margin-left: 4px'>R</span><span style='display:inline-block; width:50px; text-align:left; font-size:1em; vertical-align:middle'>1.4%</span>"
705374;Vindinge Forsamlingshus;S;Socialdemokratiet;24.9;4.0;5.9;15.8;2.6;6.8;8.8;10.2;10.6;2.2;4.4;3.9;"<b style='color:#F00B2F; font-size:1.5em;margin-bottom: 10px'>Socialdemokratiet</b><br> blev størst på valgstedet Vindinge Forsamlingshus<br><span style='display:inline-block; width:0.3em; height:1.2em; vertical-align:middle;background:#F00B2F;'></span><span style='display:inline-block; width:30px; font-size:1em;vertical-align:middle; margin-left: 4px'>S</span><span style='display:inline-block; width:50px; text-align:left; font-size:1em; vertical-align:middle'>24.9%</span><br><span style='display:inline-block; width:0.3em; height:1.2em; vertical-align:middle;background:#F257A9;'></span><span style='display:inline-block; width:30px; font-size:1em;vertical-align:middle; margin-left: 4px'>SF</span><span style='display:inline-block; width:50px; text-align:left; font-size:1em; vertical-align:middle'>15.8%</span><br><span style='display:inline-block; width:0.3em; height:1.2em; vertical-align:middle;background:#0781DD;'></span><span style='display:inline-block; width:30px; font-size:1em;vertical-align:middle; margin-left: 4px'>V</span><span style='display:inline-block; width:50px; text-align:left; font-size:1em; vertical-align:middle'>10.6%</span><br><span style='display:inline-block; width:0.3em; height:1.2em; vertical-align:middle;background:#F6BA00;'></span><span style='display:inline-block; width:30px; font-size:1em;vertical-align:middle; margin-left: 4px'>DF</span><span style='display:inline-block; width:50px; text-align:left; font-size:1em; vertical-align:middle'>10.2%</span><br><span style='display:inline-block; width:0.3em; height:1.2em; vertical-align:middle;background:#911995;'></span><span style='display:inline-block; width:30px; font-size:1em;vertical-align:middle; margin-left: 4px'>M</span><span style='display:inline-block; width:50px; text-align:left; font-size:1em; vertical-align:middle'>8.8%</span><br><span style='display:inline-block; width:0.3em; height:1.2em; vertical-align:middle;background:#48CEF3;'></span><span style='display:inline-block; width:30px; font-size:1em;vertical-align:middle; margin-left: 4px'>LA</span><span style='display:inline-block; width:50px; text-align:left; font-size:1em; vertical-align:middle'>6.8%</span><br><span style='display:inline-block; width:0.3em; height:1.2em; vertical-align:middle;background:#06691E;'></span><span style='display:inline-block; width:30px; font-size:1em;vertical-align:middle; margin-left: 4px'>K</span><span style='display:inline-block; width:50px; text-align:left; font-size:1em; vertical-align:middle'>5.9%</span><br><span style='display:inline-block; width:0.3em; height:1.2em; vertical-align:middle;background:#0075c9;'></span><span style='display:inline-block; width:30px; font-size:1em;vertical-align:middle; margin-left: 4px'>DD</span><span style='display:inline-block; width:50px; text-align:left; font-size:1em; vertical-align:middle'>4.4%</span><br><span style='display:inline-block; width:0.3em; height:1.2em; vertical-align:middle;background:#662690;'></span><span style='display:inline-block; width:30px; font-size:1em;vertical-align:middle; margin-left: 4px'>R</span><span style='display:inline-block; width:50px; text-align:left; font-size:1em; vertical-align:middle'>4.0%</span><br><span style='display:inline-block; width:0.3em; height:1.2em; vertical-align:middle;background:#FF7400;'></span><span style='display:inline-block; width:30px; font-size:1em;vertical-align:middle; margin-left: 4px'>EL</span><span style='display:inline-block; width:50px; text-align:left; font-size:1em; vertical-align:middle'>3.9%</span><br><span style='display:inline-block; width:0.3em; height:1.2em; vertical-align:middle;background:#3CE63D;'></span><span style='display:inline-block; width:30px; font-size:1em;vertical-align:middle; margin-left: 4px'>ALT</span><span style='display:inline-block; width:50px; text-align:left; font-size:1em; vertical-align:middle'>2.2%</span>"
708346;Ørbæk;S;Socialdemokratiet;23.3;2.3;3.3;8.0;3.8;9.5;6.9;12.5;20.1;0.7;8.6;1.1;"<b style='color:#F00B2F; font-size:1.5em;margin-bottom: 10px'>Socialdemokratiet</b><br> blev størst på valgstedet Ørbæk<br><span style='display:inline-block; width:0.3em; height:1.2em; vertical-align:middle;background:#F00B2F;'></span><span style='display:inline-block; width:30px; font-size:1em;vertical-align:middle; margin-left: 4px'>S</span><span style='display:inline-block; width:50px; text-align:left; font-size:1em; vertical-align:middle'>23.3%</span><br><span style='display:inline-block; width:0.3em; height:1.2em; vertical-align:middle;background:#0781DD;'></span><span style='display:inline-block; width:30px; font-size:1em;vertical-align:middle; margin-left: 4px'>V</span><span style='display:inline-block; width:50px; text-align:left; font-size:1em; vertical-align:middle'>20.1%</span><br><span style='display:inline-block; width:0.3em; height:1.2em; vertical-align:middle;background:#F6BA00;'></span><span style='display:inline-block; width:30px; font-size:1em;vertical-align:middle; margin-left: 4px'>DF</span><span style='display:inline-block; width:50px; text-align:left; font-size:1em; vertical-align:middle'>12.5%</span><br><span style='display:inline-block; width:0.3em; height:1.2em; vertical-align:middle;background:#48CEF3;'></span><span style='display:inline-block; width:30px; font-size:1em;vertical-align:middle; margin-left: 4px'>LA</span><span style='display:inline-block; width:50px; text-align:left; font-size:1em; vertical-align:middle'>9.5%</span><br><span style='display:inline-block; width:0.3em; height:1.2em; vertical-align:middle;background:#0075c9;'></span><span style='display:inline-block; width:30px; font-size:1em;vertical-align:middle; margin-left: 4px'>DD</span><span style='display:inline-block; width:50px; text-align:left; font-size:1em; vertical-align:middle'>8.6%</span><br><span style='display:inline-block; width:0.3em; height:1.2em; vertical-align:middle;background:#F257A9;'></span><span style='display:inline-block; width:30px; font-size:1em;vertical-align:middle; margin-left: 4px'>SF</span><span style='display:inline-block; width:50px; text-align:left; font-size:1em; vertical-align:middle'>8.0%</span><br><span style='display:inline-block; width:0.3em; height:1.2em; vertical-align:middle;background:#911995;'></span><span style='display:inline-block; width:30px; font-size:1em;vertical-align:middle; margin-left: 4px'>M</span><span style='display:inline-block; width:50px; text-align:left; font-size:1em; vertical-align:middle'>6.9%</span><br><span style='display:inline-block; width:0.3em; height:1.2em; vertical-align:middle;background:#06691E;'></span><span style='display:inline-block; width:30px; font-size:1em;vertical-align:middle; margin-left: 4px'>K</span><span style='display:inline-block; width:50px; text-align:left; font-size:1em; vertical-align:middle'>3.3%</span><br><span style='display:inline-block; width:0.3em; height:1.2em; vertical-align:middle;background:#662690;'></span><span style='display:inline-block; width:30px; font-size:1em;vertical-align:middle; margin-left: 4px'>R</span><span style='display:inline-block; width:50px; text-align:left; font-size:1em; vertical-align:middle'>2.3%</span><br><span style='display:inline-block; width:0.3em; height:1.2em; vertical-align:middle;background:#FF7400;'></span><span style='display:inline-block; width:30px; font-size:1em;vertical-align:middle; margin-left: 4px'>EL</span><span style='display:inline-block; width:50px; text-align:left; font-size:1em; vertical-align:middle'>1.1%</span><br><span style='display:inline-block; width:0.3em; height:1.2em; vertical-align:middle;background:#3CE63D;'></span><span style='display:inline-block; width:30px; font-size:1em;vertical-align:middle; margin-left: 4px'>ALT</span><span style='display:inline-block; width:50px; text-align:left; font-size:1em; vertical-align:middle'>0.7%</span>"
